City,Lat,Lng,Max Temp,Humidity,Cloudiness,Wind Speed,Country,Date
chokurdakh,70.6333,147.9167,0.73,87.0,100.0,5.88,RU,1631121014.0
hilo,19.7297,-155.09,24.23,75.0,90.0,3.09,US,1631120995.0
willmar,45.1219,-95.0433,22.01,49.0,1.0,6.69,US,1631120996.0
attawapiskat,69.4541,-133.0374,8.36,72.0,51.0,4.48,CA,1631121014.0
umzimvubu,20.6,-99.1333,20.78,49.0,93.0,1.76,MX,1631121015.0
tuktoyaktuk,-33.65,115.3333,11.72,95.0,100.0,3.49,AU,1631121015.0
cardonal,5.4112,100.3354,24.96,91.0,20.0,1.03,MY,1631121015.0
busselton,-8.9266,125.4092,14.01,89.0,67.0,1.88,TL,1631121016.0
georgetown,-10.1667,123.5833,25.07,75.0,83.0,6.16,ID,1631121016.0
airai,-53.15,-70.9167,12.06,62.0,75.0,8.75,CL,1631121016.0
kupang,53.5001,-112.0518,21.29,34.0,10.0,6.06,CA,1631121016.0
punta arenas,-20.4081,57.7,21.25,67.0,28.0,5.61,MU,1631121017.0
vegreville,-33.0117,17.9442,13.4,80.0,42.0,7.83,ZA,1631121017.0
mahebourg,55.8014,54.5372,9.47,92.0,95.0,4.1,RU,1631121017.0
saldanha,65.5833,-171.0,3.32,88.0,100.0,2.53,RU,1631121018.0
kuyanovo,-21.4803,-56.1381,31.64,37.0,96.0,6.09,BR,1631121018.0
lavrentiya,71.2906,-156.7887,7.01,81.0,1.0,5.66,US,1631121018.0
illoqqortoormiut,-34.4833,-54.3333,13.72,97.0,100.0,8.83,UY,1631120787.0
jardim,-33.9258,18.4232,13.39,80.0,41.0,1.34,ZA,1631120746.0
huazolotitlan,-3.8004,102.2655,23.56,89.0,73.0,1.45,ID,1631121019.0
ngukurr,18.7369,7.3853,38.58,17.0,43.0,2.68,NE,1631121019.0
barrow,-21.3393,55.4781,20.8,68.0,0.0,2.57,RE,1631121020.0
rocha,-12.0667,134.2667,21.64,81.0,54.0,5.28,AU,1631121020.0
cape town,-31.5889,28.7844,13.2,68.0,0.0,0.85,ZA,1631121021.0
bengkulu,5.75,38.9167,16.31,88.0,94.0,0.39,ET,1631121021.0
arlit,-46.6,168.3333,7.67,89.0,100.0,12.44,NZ,1631121021.0
dianopolis,-33.0153,27.9116,18.14,54.0,3.0,1.46,ZA,1631121022.0
saint-pierre,41.3712,-73.414,27.95,66.0,20.0,0.89,US,1631121022.0
maningrida,-1.2675,116.8289,24.38,88.0,100.0,3.14,ID,1631121022.0
umtata,-42.7826,147.0587,17.62,46.0,89.0,0.89,AU,1631121023.0
shakiso,25.2867,51.5333,34.99,63.0,0.0,4.12,QA,1631120822.0
bluff,77.484,-69.3632,-7.02,64.0,20.0,3.02,GL,1631121023.0
east london,72.7868,-56.1549,1.28,67.0,100.0,6.39,GL,1631121024.0
belushya guba,32.6667,-17.1,26.74,71.0,30.0,1.81,PT,1631121024.0
bethel,38.9342,100.4517,20.41,21.0,2.0,2.0,CN,1631121024.0
balikpapan,-54.8,-68.3,14.79,65.0,91.0,3.55,AR,1631120815.0
new norfolk,-33.918,25.5701,15.61,71.0,9.0,5.37,ZA,1631121025.0
doha,71.9667,102.5,11.86,75.0,90.0,3.53,RU,1631121026.0
qaanaaq,9.285,105.7244,26.22,85.0,74.0,5.42,VN,1631121026.0
palabuhanratu,65.9667,78.3667,5.3,89.0,87.0,2.82,RU,1631121027.0
upernavik,-34.5833,150.8552,11.23,75.0,3.0,0.89,AU,1631121027.0
ponta do sol,26.0835,89.9616,26.86,84.0,86.0,1.95,IN,1631121027.0
zhangye,51.226,-58.6502,19.67,54.0,62.0,3.79,CA,1631121027.0
ushuaia,40.4163,-120.653,25.61,26.0,0.0,0.45,US,1631121028.0
port elizabeth,41.1231,80.2644,26.53,19.0,0.0,2.16,CN,1631121028.0
khatanga,-23.1203,-134.9692,23.22,76.0,98.0,5.17,PF,1631120880.0
bac lieu,43.7501,-81.7165,22.73,63.0,0.0,8.01,CA,1631121029.0
urengoy,-33.5906,26.891,16.23,61.0,9.0,5.07,ZA,1631121029.0
flinders,4.9333,-52.3333,32.02,76.0,75.0,1.79,GF,1631121029.0
gauripur,10.1483,-85.452,29.75,76.0,99.0,1.16,CR,1631121090.0
saint-augustin,-13.7,-76.2167,18.9,78.0,49.0,3.44,PE,1631121090.0
susanville,-9.8,-139.0333,25.47,77.0,28.0,7.1,PF,1631121090.0
aksu,-34.0527,23.3716,13.47,79.0,43.0,2.63,ZA,1631121091.0
rikitea,59.7035,30.7861,16.94,77.0,100.0,5.11,RU,1631121091.0
goderich,42.6001,-73.9662,27.98,64.0,23.0,5.63,US,1631120802.0
port alfred,-23.865,35.3833,21.02,85.0,64.0,3.24,MZ,1631121091.0
cayenne,-34.4187,19.2345,12.11,75.0,57.0,1.9,ZA,1631121092.0
nicoya,17.0151,54.0924,27.05,94.0,75.0,2.57,OM,1631121092.0
pisco,51.5058,104.1469,7.57,76.0,72.0,2.67,RU,1631121092.0
atuona,22.2855,114.1577,29.62,76.0,41.0,0.81,HK,1631121051.0
plettenberg bay,-11.8343,31.4529,21.07,35.0,4.0,2.93,ZM,1631121093.0
nikolskoye,-20.3428,57.7575,21.23,66.0,39.0,5.5,MU,1631121093.0
albany,28.1667,94.7667,23.01,87.0,76.0,0.83,IN,1631121093.0
inhambane,38.421,-121.4238,36.47,40.0,1.0,0.45,US,1631121094.0
hermanus,-21.2,-175.2,24.09,94.0,75.0,3.09,TO,1631121094.0
salalah,42.097,-79.2353,22.96,77.0,20.0,4.63,US,1631121094.0
vaitupu,38.8876,-76.5119,30.87,71.0,20.0,0.89,US,1631121094.0
borujan,-46.1927,168.8643,7.49,97.0,100.0,3.34,NZ,1631121095.0
bargal,-0.7393,-90.3518,23.08,83.0,87.0,4.92,EC,1631121095.0
reefton,51.1333,93.6,12.1,49.0,32.0,2.22,RU,1631121095.0
baykalsk,-42.8794,147.3294,17.81,40.0,96.0,4.02,AU,1631120840.0
victoria,37.1041,-113.5841,34.26,18.0,1.0,2.06,US,1631121096.0
mpika,71.0357,27.8492,6.1,70.0,75.0,5.14,NO,1631121096.0
bambous virieux,3.0707,172.7902,28.74,73.0,39.0,7.78,KI,1631121096.0
along,-22.9661,-42.0278,23.92,69.0,40.0,9.77,BR,1631121097.0
laguna,31.3318,37.3428,30.07,19.0,0.0,5.34,SA,1631121097.0
vaini,13.2167,-59.5167,31.34,70.0,20.0,7.72,BB,1631121097.0
jamestown,65.6145,-37.6368,10.09,53.0,1.0,6.08,GL,1631121098.0
mayo,61.67,96.37,10.29,80.0,99.0,0.75,RU,1631121098.0
mataura,40.5982,-124.1573,13.32,97.0,90.0,0.0,US,1631121098.0
louisbourg,11.9986,120.2043,25.16,90.0,100.0,3.23,PH,1631121099.0
puerto ayora,-43.5333,172.6333,3.89,83.0,65.0,2.57,NZ,1631120876.0
khovu-aksy,-0.8833,131.25,24.95,91.0,98.0,4.6,ID,1631120850.0
hobart,42.1428,-77.0547,26.62,75.0,90.0,3.6,US,1631120903.0
saint george,39.05,-27.9833,21.92,87.0,39.0,5.94,PT,1631121099.0
mehamn,58.0948,6.8047,17.75,89.0,2.0,4.96,NO,1631121099.0
butaritari,-2.55,-78.9333,14.2,66.0,74.0,1.99,EC,1631121100.0
arraial do cabo,53.0452,158.6483,9.46,84.0,16.0,6.19,RU,1631121100.0
qurayyat,45.1667,10.7833,27.58,45.0,6.0,1.34,IT,1631121100.0
bathsheba,61.95,159.2333,1.53,58.0,66.0,2.6,RU,1631121101.0
tasiilaq,-22.6667,167.4833,20.27,57.0,50.0,8.98,NC,1631121101.0
baykit,62.456,-114.3525,10.58,60.0,100.0,2.02,CA,1631121090.0
fortuna,-24.7911,-50.0119,29.91,30.0,92.0,6.01,BR,1631121101.0
amderma,69.3833,178.4167,-2.05,90.0,86.0,2.3,RU,1631121102.0
coron,-14.8333,-64.9,38.7,25.0,59.0,3.83,BO,1631121102.0
christchurch,51.2585,-80.6094,12.12,99.0,100.0,1.76,CA,1631121102.0
sorong,-20.4711,-55.7872,39.31,19.0,50.0,5.31,BR,1631121103.0
corning,43.0,68.0,24.87,29.0,2.0,7.6,KZ,1631121103.0
lagoa,5.3505,48.5268,25.36,82.0,41.0,11.43,SO,1631121163.0
farsund,7.7029,27.9953,26.49,70.0,100.0,0.97,SS,1631121164.0
saleaula,-24.6867,33.5306,19.68,76.0,97.0,3.52,MZ,1631121164.0
canar,-10.6167,150.6667,25.42,82.0,100.0,9.94,PG,1631121164.0
petropavlovsk-kamchatskiy,46.7162,-122.9543,22.94,70.0,1.0,0.0,US,1631121147.0
mantua,38.7992,-9.4469,24.55,75.0,75.0,4.63,PT,1631121165.0
evensk,48.6499,-53.1147,17.24,70.0,27.0,5.04,CA,1631121165.0
vao,66.6871,34.3429,7.25,92.0,100.0,3.33,RU,1631121165.0
yellowknife,10.7333,77.5167,24.91,65.0,65.0,8.91,IN,1631121166.0
castro,14.3188,2.0866,35.25,31.0,83.0,4.54,NE,1631121166.0
leningradskiy,43.6125,122.2653,11.66,71.0,0.0,2.65,CN,1631121166.0
vitimskiy,63.7506,-68.5145,8.03,61.0,81.0,4.93,CA,1631121166.0
trinidad,29.0331,21.5482,31.27,26.0,0.0,4.73,LY,1631121167.0
moose factory,47.674,-122.1215,24.1,62.0,46.0,3.58,US,1631121032.0
aquidauana,-24.8667,113.6333,13.04,100.0,0.0,3.09,AU,1631121069.0
turkistan,45.2333,147.8833,12.32,89.0,97.0,4.27,RU,1631121167.0
hobyo,-20.3167,118.5667,16.03,51.0,46.0,3.6,AU,1631121168.0
wau,-16.4833,-151.75,26.11,77.0,16.0,7.69,PF,1631121168.0
chibuto,7.1333,40.7,17.1,76.0,72.0,3.57,ET,1631121168.0
samarai,34.7334,-86.5667,30.29,62.0,20.0,0.45,US,1631121168.0
centralia,47.0056,28.8575,17.24,58.0,0.0,1.03,MD,1631120900.0
colares,-2.0226,147.2712,26.8,77.0,27.0,3.12,PG,1631121169.0
bonavista,13.2154,18.3353,28.52,61.0,86.0,2.95,TD,1631121169.0
umba,35.3029,37.1841,26.79,53.0,0.0,5.79,SY,1631121169.0
bolungarvik,64.1835,-51.7216,7.34,93.0,75.0,5.66,GL,1631121035.0
tsihombe,50.6996,-127.4199,13.9,94.0,100.0,1.8,CA,1631120595.0
tumannyy,33.5928,-7.6192,27.12,69.0,0.0,4.78,MA,1631121170.0
dharapuram,-34.7333,135.8667,15.22,40.0,35.0,6.98,AU,1631121170.0
ouallam,10.6333,-4.7667,30.77,62.0,77.0,2.34,BF,1631121170.0
tongliao,-37.7167,-72.2333,15.92,40.0,0.0,2.5,CL,1631121171.0
iqaluit,43.5945,-83.8889,23.27,58.0,20.0,7.72,US,1631121085.0
jalu,57.79,-152.4072,9.93,91.0,100.0,1.45,US,1631121171.0
redmond,13.9835,10.2704,31.12,40.0,3.0,3.12,NE,1631121171.0
carnarvon,42.2683,118.9636,14.56,75.0,23.0,0.77,CN,1631121172.0
temaraia,-35.1667,173.1667,12.22,74.0,91.0,7.14,NZ,1631121172.0
kurilsk,43.3,-86.1334,24.24,54.0,20.0,6.69,US,1631121017.0
port hedland,50.2334,-63.5986,15.06,81.0,63.0,2.44,CA,1631121172.0
faanui,47.6666,-52.7314,22.09,70.0,9.0,7.6,CA,1631121173.0
ginir,54.7021,78.661,8.13,88.0,100.0,8.15,RU,1631121173.0
madison,-4.7561,11.8578,25.03,80.0,5.0,5.7,CG,1631121173.0
chisinau,14.8961,-24.4956,25.79,77.0,69.0,3.11,CV,1631121174.0
lorengau,25.3378,110.026,24.4,89.0,7.0,0.91,CN,1631121174.0
ati,-9.6567,120.2641,24.86,79.0,81.0,6.0,ID,1631121174.0
abu samrah,68.0546,166.4372,-3.22,91.0,99.0,3.17,RU,1631121175.0
nuuk,62.2266,-6.589,10.51,86.0,100.0,5.3,FO,1631121175.0
port hardy,-21.6403,-41.0511,22.51,73.0,94.0,8.43,BR,1631121175.0
casablanca,-0.9131,122.8766,23.86,82.0,100.0,3.52,ID,1631121175.0
port lincoln,-2.7619,-42.2744,29.99,62.0,24.0,7.83,BR,1631121074.0
banfora,41.6096,-4.7969,24.23,52.0,40.0,5.66,ES,1631121176.0
mulchen,-38.2667,141.9667,12.51,58.0,99.0,8.23,AU,1631121236.0
bay city,60.1432,-45.2371,8.88,85.0,100.0,1.28,GL,1631121237.0
kodiak,69.7008,170.3133,-0.39,83.0,100.0,4.13,RU,1631121237.0
goure,5.8933,95.3214,27.66,73.0,100.0,10.54,ID,1631121237.0
chifeng,-33.7333,-70.75,15.02,28.0,0.0,1.46,CL,1631121238.0
ahipara,70.3705,31.1107,5.99,70.0,75.0,5.14,NO,1631121238.0
paradwip,37.7167,-25.4333,23.23,68.0,93.0,2.46,PT,1631121238.0
muskegon,66.1451,-65.7125,5.74,48.0,5.0,3.25,CA,1631121080.0
havre-saint-pierre,0.3365,6.7273,25.64,81.0,55.0,3.37,ST,1631121239.0
torbay,17.4924,44.1277,29.19,11.0,67.0,2.3,SA,1631121239.0
zdvinsk,45.3055,-93.7941,22.42,58.0,75.0,5.66,US,1631121104.0
loandjili,65.282,-126.8329,11.96,70.0,6.0,2.66,CA,1631121239.0
sao filipe,36.5154,-4.8858,32.68,37.0,3.0,5.19,ES,1631121239.0
tabiauea,26.326,43.975,34.61,11.0,1.0,5.33,SA,1631120964.0
sunamganj,22.0752,-159.319,26.18,77.0,75.0,4.63,US,1631121240.0
baoning,63.8424,-22.4338,10.26,81.0,75.0,7.72,IS,1631121218.0
waingapu,-20.2078,57.7625,21.16,66.0,44.0,5.57,MU,1631121240.0
bilibino,23.2167,-106.4167,27.98,83.0,90.0,0.0,MX,1631121221.0
klaksvik,-34.7,-71.05,15.21,52.0,0.0,3.36,CL,1631121241.0
warqla,62.8833,152.4333,-0.66,84.0,87.0,3.24,RU,1631121241.0
sao joao da barra,39.9237,44.045,22.96,54.0,10.0,2.32,TR,1631121241.0
biak,37.4966,61.9714,27.93,26.0,0.0,5.14,TM,1631121241.0
tutoia,67.6333,134.6333,-2.0,81.0,0.0,1.45,RU,1631121242.0
arroyo,-21.3585,55.7679,20.75,78.0,55.0,6.08,RE,1631121242.0
codrington,-20.0064,57.6608,21.32,74.0,10.0,2.68,MU,1631121242.0
nanortalik,69.3,139.9,-4.09,88.0,40.0,1.58,RU,1631121243.0
pevek,-2.1167,-79.6833,29.28,44.0,82.0,1.37,EC,1631121243.0
sabang,36.8648,70.8342,19.02,27.0,0.0,1.06,AF,1631121243.0
buin,73.5069,80.5464,5.99,88.0,100.0,4.07,RU,1631121244.0
vardo,9.5667,37.1,11.66,92.0,91.0,0.89,ET,1631121244.0
vila franca do campo,-26.7852,-60.4388,23.2,30.0,54.0,7.43,AR,1631121244.0
pangnirtung,58.6031,125.3894,8.79,83.0,100.0,1.36,RU,1631121244.0
sao tome,-34.5322,20.0403,11.82,84.0,78.0,1.32,ZA,1631121245.0
najran,69.6496,18.957,8.36,87.0,75.0,2.06,NO,1631121189.0
monticello,-17.7125,-39.2481,25.22,71.0,80.0,3.46,BR,1631121245.0
norman wells,-4.2761,-55.9836,39.19,29.0,81.0,1.41,BR,1631121245.0
marbella,9.4092,45.064,26.99,46.0,73.0,8.88,SO,1631121246.0
buraydah,-35.3333,-72.4167,14.64,52.0,0.0,5.95,CL,1631121246.0
kapaa,42.0376,43.8238,14.61,87.0,67.0,3.34,GE,1631121246.0
grindavik,-28.5708,-70.7581,23.71,17.0,0.0,2.51,CL,1631121247.0
quatre cocos,-28.783,32.0377,16.66,85.0,7.0,3.38,ZA,1631121247.0
mazatlan,68.2191,-135.0107,10.44,67.0,66.0,3.46,CA,1631121247.0
chimbarongo,42.7762,-9.0603,24.53,86.0,13.0,3.77,ES,1631121247.0
seymchan,-15.1961,12.1522,19.35,87.0,54.0,3.43,AO,1631121248.0
lolua,-45.8667,-67.5,17.92,36.0,0.0,6.69,AR,1631121248.0
igdir,-15.7167,46.3167,24.01,78.0,20.0,2.06,MG,1631121249.0
murgab,71.9167,114.0833,5.41,50.0,100.0,4.9,RU,1631121249.0
batagay,58.6147,5.6457,19.82,90.0,19.0,1.98,NO,1631121249.0
saint-philippe,-6.2167,155.6333,25.25,83.0,96.0,3.66,PG,1631121249.0
grand gaube,54.2111,72.9651,8.88,73.0,70.0,6.14,RU,1631121310.0
deputatskiy,54.2139,49.6184,12.07,78.0,97.0,4.56,RU,1631121310.0
yaguachi,44.8546,38.3031,20.5,54.0,0.0,3.22,RU,1631121310.0
jurm,46.0667,23.7333,20.9,43.0,6.0,1.46,RO,1631121311.0
dikson,9.4942,50.8122,25.44,81.0,99.0,14.52,SO,1631121312.0
shambu,49.8834,-106.5512,21.15,30.0,97.0,1.95,CA,1631121312.0
presidencia roque saenz pena,64.75,177.4833,7.02,90.0,100.0,7.93,RU,1631121312.0
aldan,78.2186,15.6401,2.91,75.0,75.0,4.63,SJ,1631121313.0
solovetskiy,18.65,-99.2,28.14,67.0,73.0,0.71,MX,1631121313.0
bredasdorp,37.2153,-93.2982,27.51,38.0,1.0,3.58,US,1631121311.0
tromso,34.6391,-120.4579,21.08,90.0,1.0,0.0,US,1631121197.0
caravelas,-37.8333,140.7667,13.5,55.0,87.0,5.69,AU,1631121314.0
itaituba,64.8378,-147.7164,7.95,85.0,90.0,2.06,US,1631121108.0
odweyne,39.1834,-84.5333,27.43,65.0,40.0,1.54,US,1631121196.0
constitucion,2.8197,-60.6733,33.99,43.0,40.0,3.09,BR,1631121049.0
agara,51.3223,42.7678,11.63,54.0,58.0,3.91,RU,1631121314.0
vallenar,-28.7667,114.6,14.23,94.0,75.0,4.12,AU,1631121314.0
richards bay,-43.3002,-65.1023,15.49,52.0,5.0,8.21,AR,1631121315.0
aklavik,31.7471,54.2088,27.97,15.0,0.0,3.09,IR,1631121315.0
muros,45.5234,-122.6762,25.21,58.0,1.0,0.45,US,1631121017.0
namibe,71.6872,128.8694,1.72,78.0,16.0,4.44,RU,1631121316.0
comodoro rivadavia,67.8006,130.4114,-1.38,73.0,10.0,0.98,RU,1631121316.0
mahajanga,40.4272,71.7189,25.4,33.0,0.0,3.09,UZ,1631121317.0
saskylakh,-5.6667,132.75,26.84,79.0,80.0,11.1,ID,1631121317.0
varhaug,-18.2494,-43.6003,29.74,25.0,4.0,2.73,BR,1631121317.0
kieta,41.9563,42.9566,15.76,89.0,89.0,1.5,GE,1631121318.0
odesskoye,21.3167,103.9,19.89,98.0,78.0,1.08,VN,1631121318.0
dimitrovgrad,55.7435,-97.8558,18.09,68.0,40.0,4.63,CA,1631121319.0
akhtyrskiy,69.4865,88.3972,9.31,79.0,97.0,3.21,RU,1631121319.0
berghin,38.8451,-76.875,30.48,68.0,1.0,5.14,US,1631120548.0
bandarbeyla,-28.8667,153.5667,10.99,87.0,13.0,2.17,AU,1631121319.0
gravelbourg,-2.9248,-39.9167,29.95,60.0,50.0,7.88,BR,1631121319.0
anadyr,35.7333,140.8333,20.22,81.0,98.0,5.71,JP,1631121320.0
longyearbyen,-21.2078,-159.775,23.03,88.0,40.0,6.17,CK,1631121324.0
zacatepec,69.2167,-51.1,4.01,60.0,75.0,4.63,GL,1631121324.0
springfield,-38.0023,-57.5575,12.01,94.0,90.0,9.77,AR,1631121320.0
grand centre,32.944,-103.3485,28.35,55.0,4.0,0.89,US,1631121325.0
lompoc,68.0531,39.5131,4.46,84.0,98.0,4.22,RU,1631121325.0
mount gambier,12.0564,-61.7485,28.93,75.0,93.0,6.35,GD,1631121072.0
fairbanks,-22.116,14.2845,14.92,83.0,3.0,1.74,NA,1631121325.0
hamilton,-8.145,159.5921,26.02,84.0,100.0,3.92,SB,1631121326.0
boa vista,-3.7928,-39.2703,26.49,26.0,45.0,4.6,BR,1631121326.0
kamenka,36.6177,-121.9166,27.93,80.0,1.0,1.79,US,1631121322.0
geraldton,8.1222,-63.5497,32.94,47.0,100.0,3.43,VE,1631121327.0
rawson,33.0833,-16.3333,23.68,69.0,20.0,4.63,PT,1631121327.0
taft,18.8003,110.3967,26.74,84.0,28.0,1.71,CN,1631121327.0
alotau,22.9614,-82.1511,30.51,60.0,7.0,2.89,CU,1631121328.0
portland,63.4427,-20.2734,11.55,76.0,0.0,5.66,IS,1631121328.0
tiksi,41.5875,-109.2029,22.35,32.0,1.0,0.45,US,1631121328.0
batagay-alyta,53.9833,123.9167,9.33,96.0,84.0,1.77,RU,1631121389.0
komsomolskiy,-28.65,153.6167,12.71,82.0,22.0,1.35,AU,1631121389.0
tual,-34.0033,24.7314,13.27,79.0,20.0,2.95,ZA,1631121389.0
diamantina,-23.35,47.6,20.07,86.0,1.0,3.49,MG,1631121390.0
khani,66.3167,-179.1667,0.17,85.0,100.0,5.92,RU,1631121390.0
son la,60.9167,-46.05,11.12,61.0,88.0,2.2,GL,1631121390.0
thompson,13.6017,26.6876,28.85,47.0,70.0,8.57,SD,1631121390.0
talnakh,-20.5167,57.5167,21.31,73.0,75.0,4.12,MU,1631121314.0
forestville,46.9167,-0.5,25.17,54.0,67.0,6.64,FR,1631121391.0
ballina,-24.7859,-65.4117,11.43,60.0,99.0,1.79,AR,1631121196.0
itarema,32.3858,111.6678,22.72,83.0,100.0,0.96,CN,1631121391.0
hasaki,48.5126,-122.6127,22.37,78.0,75.0,2.68,US,1631121217.0
avarua,46.251,32.2927,18.24,47.0,0.0,1.56,UA,1631121391.0
ilulissat,61.994,-49.6678,5.98,93.0,65.0,2.26,GL,1631121392.0
mar del plata,25.5198,90.2201,23.09,95.0,87.0,1.53,IN,1631121392.0
lovington,12.0697,121.3986,27.67,78.0,94.0,5.93,PH,1631121392.0
ostrovnoy,3.7833,72.9667,28.19,66.0,100.0,2.06,MV,1631121393.0
saint-georges,-8.7676,160.7034,24.22,90.0,94.0,2.55,SB,1631121393.0
henties bay,5.1367,-5.0242,26.44,80.0,88.0,3.87,CI,1631121393.0
buala,26.5881,127.9761,28.47,78.0,13.0,2.26,JP,1631121393.0
pentecoste,35.174,-2.9287,28.04,53.0,0.0,9.77,MA,1631121394.0
pacific grove,34.2257,-77.9447,32.21,70.0,20.0,4.12,US,1631121394.0
ciudad bolivar,57.0669,93.4378,10.25,76.0,68.0,3.45,RU,1631121395.0
camacha,26.9333,-105.4,25.68,37.0,92.0,5.14,MX,1631121395.0
wanning,46.715,11.656,24.03,83.0,75.0,1.53,IT,1631121395.0
san jose de las lajas,6.2679,21.2247,22.27,89.0,19.0,1.26,CF,1631121395.0
xitla,-31.393,-58.0209,17.04,82.0,90.0,12.35,AR,1631121396.0
vestmannaeyjar,15.8667,-93.5333,30.96,67.0,84.0,2.25,MX,1631121396.0
taolanaro,70.4692,-68.5914,1.13,80.0,75.0,15.43,CA,1631121396.0
rock springs,-13.8833,167.55,25.49,76.0,74.0,11.18,VU,1631121397.0
skovorodino,64.3833,-173.3,4.47,89.0,100.0,5.25,RU,1631121397.0
byron bay,21.3469,-158.0858,25.18,75.0,1.0,3.09,US,1631121397.0
mys shmidta,-5.4,-80.75,26.18,47.0,70.0,3.53,PE,1631121397.0
kruisfontein,21.4612,-71.1419,28.22,70.0,4.0,3.44,TC,1631121398.0
vangaindrano,59.2353,163.0719,1.9,72.0,17.0,3.78,RU,1631121398.0
egvekinot,50.6132,40.3549,13.97,46.0,97.0,2.81,RU,1631121398.0
narsaq,58.5052,13.1577,19.39,74.0,3.0,4.51,SE,1631121399.0
umm kaddadah,21.2667,-97.45,28.96,65.0,81.0,1.76,MX,1631121399.0
souillac,65.9667,29.1833,10.02,81.0,40.0,2.57,FI,1631121399.0
bressuire,51.7435,111.9606,4.99,95.0,100.0,4.4,RU,1631121399.0
salta,43.801,87.6005,24.53,24.0,0.0,3.0,CN,1631121400.0
laohekou,-46.1333,167.6833,7.68,94.0,100.0,4.46,NZ,1631121400.0
anacortes,70.9963,24.6622,6.13,94.0,100.0,1.46,NO,1631121400.0
bekhtery,5.3833,-52.95,29.82,66.0,69.0,4.39,GF,1631121401.0
paamiut,18.3851,42.4509,26.06,24.0,79.0,4.98,SA,1631121401.0
tura,-16.0999,167.4164,22.9,79.0,67.0,6.61,VU,1631121401.0
semirara,0.1333,117.5,24.46,90.0,100.0,3.7,ID,1631121401.0
mahibadhoo,41.3003,13.0282,24.95,52.0,95.0,4.39,IT,1631121402.0
mixtepec,45.7625,106.2708,5.42,81.0,49.0,3.47,MN,1631121402.0
auki,67.45,153.6833,0.01,96.0,100.0,7.54,RU,1631121466.0
grand-lahou,64.5667,143.2,0.16,78.0,11.0,2.28,RU,1631121467.0
nago,25.0213,37.2685,31.85,58.0,6.0,3.62,SA,1631121467.0
himora,7.7669,-72.225,26.1,47.0,22.0,3.65,VE,1631121467.0
nador,-7.1,31.2333,26.75,36.0,53.0,1.48,TZ,1631121467.0
wilmington,68.75,161.3,-2.25,87.0,31.0,3.3,RU,1631121468.0
ituni,-19.0595,-169.9187,22.94,100.0,4.0,1.54,NU,1631121468.0
predivinsk,-19.55,169.2667,20.51,66.0,98.0,7.08,VU,1631121468.0
valle de allende,-23.65,-70.4,19.01,58.0,2.0,5.63,CL,1631121189.0
bressanone,28.3667,129.4833,25.91,84.0,71.0,2.55,JP,1631121469.0
ippy,18.4726,120.5763,27.6,81.0,70.0,7.23,PH,1631121469.0
barentsburg,-33.5907,22.2014,13.2,68.0,3.0,3.11,ZA,1631121469.0
concordia,10.6678,-63.2585,30.5,65.0,98.0,5.15,VE,1631121470.0
tres picos,30.4833,-115.95,23.75,74.0,10.0,4.39,MX,1631121470.0
clyde river,14.5333,20.9167,32.28,44.0,45.0,3.02,TD,1631121470.0
sola,60.3511,47.0842,10.59,97.0,100.0,4.66,RU,1631121471.0
provideniya,51.6667,135.7,12.28,89.0,66.0,1.65,RU,1631121471.0
makakilo city,11.0297,20.2827,24.64,85.0,87.0,1.95,TD,1631121471.0
la union,20.8947,-156.47,25.41,71.0,20.0,5.14,US,1631121471.0
cockburn town,-16.7833,-151.5,26.18,75.0,11.0,8.01,PF,1631121472.0
ossora,46.5927,-112.0361,28.85,39.0,1.0,0.0,US,1631121312.0
vorontsovka,29.9833,-109.7833,29.47,47.0,8.0,1.31,MX,1631121472.0
lidkoping,28.017,-97.5169,33.23,35.0,86.0,4.29,US,1631121472.0
tamiahua,33.194,-82.5271,31.62,65.0,100.0,4.3,US,1631121473.0
kuusamo,7.6994,18.629,23.38,91.0,46.0,1.06,CF,1631121473.0
mogzon,31.3525,27.2453,25.84,79.0,13.0,6.18,EG,1631121473.0
urumqi,-30.1811,-50.2056,17.62,98.0,100.0,4.82,BR,1631121474.0
tuatapere,-0.6,73.0833,28.49,69.0,81.0,2.07,MV,1631121474.0
havoysund,-31.95,141.4333,14.25,43.0,1.0,3.87,AU,1631121474.0
sentyabrskiy,35.1333,140.3,20.06,85.0,90.0,5.74,JP,1631121475.0
sinnamary,-20.2333,164.0167,20.51,64.0,100.0,6.09,NC,1631121475.0
faya,66.5606,67.7975,4.37,82.0,68.0,3.21,RU,1631121475.0
lakatoro,46.6682,11.1595,25.8,80.0,81.0,1.48,IT,1631121475.0
bontang,59.6011,49.4232,9.37,95.0,97.0,4.01,RU,1631121476.0
sabaudia,-3.3963,37.6736,23.77,60.0,92.0,4.4,KE,1631121476.0
mandalgovi,-5.1989,-35.4608,30.5,60.0,69.0,8.05,BR,1631121476.0
srednekolymsk,-8.2686,-72.7439,35.83,33.0,7.0,2.09,BR,1631121477.0
ust-nera,13.0667,-59.5333,31.05,70.0,20.0,7.72,BB,1631121477.0
umm lajj,-20.55,46.8,16.33,55.0,47.0,2.02,MG,1631121477.0
san cristobal,40.2069,141.3017,16.31,97.0,76.0,2.42,JP,1631121477.0
usevya,-25.2986,152.8535,13.91,74.0,2.0,5.32,AU,1631121478.0
cherskiy,-21.3667,55.6167,20.2,76.0,37.0,4.43,RE,1631121478.0
halalo,44.1003,-70.2148,26.85,78.0,40.0,3.6,US,1631121478.0
alofi,27.8964,102.2634,17.79,86.0,89.0,1.09,CN,1631121479.0
isangel,4.95,-6.0833,26.04,84.0,70.0,2.93,CI,1631121479.0
antofagasta,50.35,90.5,12.21,43.0,36.0,1.72,RU,1631121479.0
naze,-12.2333,136.7667,24.34,78.0,67.0,5.66,AU,1631121479.0
davila,-45.4167,167.7167,7.09,95.0,100.0,3.41,NZ,1631121480.0
oudtshoorn,51.1631,54.9918,13.86,43.0,96.0,4.21,RU,1631121480.0
carupano,14.4,46.4667,28.82,45.0,95.0,3.48,YE,1631121540.0
san quintin,5.5167,5.75,27.15,75.0,94.0,3.52,NG,1631121541.0
biltine,54.2797,-0.4044,25.9,74.0,65.0,0.45,GB,1631121249.0
demyanovo,-38.5473,-58.7368,10.58,95.0,100.0,9.21,AR,1631121541.0
berezovyy,-25.4,-70.4833,17.76,59.0,0.0,3.05,CL,1631121541.0
am timan,6.3005,-10.7969,27.89,74.0,30.0,3.53,LR,1631121277.0
kahului,57.8987,-5.1604,20.42,85.0,96.0,0.33,GB,1631121542.0
tevaitoa,18.35,81.9,24.49,94.0,97.0,0.56,IN,1631121542.0
helena,62.5353,113.9611,7.66,80.0,33.0,0.95,RU,1631121542.0
cumpas,42.5466,-6.5962,23.87,55.0,89.0,3.13,ES,1631121543.0
san patricio,51.9207,34.5619,13.1,61.0,38.0,2.44,RU,1631121543.0
avera,21.2833,-89.6667,32.28,59.0,90.0,1.01,MX,1631121478.0
kabo,18.6853,12.9164,37.16,22.0,65.0,2.43,NE,1631121543.0
marsa matruh,-14.9172,13.4925,21.32,47.0,7.0,3.57,AO,1631121544.0
cidreira,-22.9965,27.6678,17.57,68.0,78.0,5.85,BW,1631121544.0
hithadhoo,25.0209,118.2898,27.82,93.0,23.0,1.45,CN,1631121544.0
broken hill,49.3878,33.2596,15.71,39.0,6.0,1.75,UA,1631121545.0
katsuura,60.34,102.2797,5.86,97.0,100.0,1.26,RU,1631121545.0
poum,19.1059,37.3321,33.87,48.0,14.0,3.72,SD,1631121545.0
aksarka,-29.6842,-53.8069,18.46,94.0,100.0,2.87,BR,1631121546.0
merano,-20.7333,139.5,19.87,19.0,0.0,3.6,AU,1631121546.0
letka,-5.8092,-61.3003,33.97,49.0,0.0,3.6,BR,1631121546.0
taveta,3.3803,-59.7968,33.23,48.0,39.0,3.47,GY,1631121547.0
touros,45.8404,-119.2895,28.01,39.0,1.0,0.0,US,1631121330.0
porto walter,62.5833,6.1333,18.42,100.0,75.0,4.63,NO,1631121547.0
oistins,70.8578,29.0864,5.0,75.0,75.0,8.23,NO,1631121547.0
ambatofinandrahana,58.8053,-122.7002,11.77,82.0,90.0,0.0,CA,1631121323.0
ichinohe,51.0,95.2,11.54,58.0,76.0,1.53,RU,1631121548.0
hervey bay,23.3,92.8333,19.43,99.0,100.0,0.53,IN,1631121548.0
saint-joseph,-0.7818,29.7544,17.79,93.0,77.0,1.06,UG,1631121548.0
lewiston,59.8683,48.0123,9.49,97.0,99.0,4.56,RU,1631121549.0
xichang,-26.6481,15.1594,20.36,37.0,0.0,3.56,NA,1631121549.0
sassandra,-13.2,49.05,22.56,61.0,29.0,2.92,MG,1631121549.0
mugur-aksy,31.4583,131.2333,23.76,91.0,13.0,2.39,JP,1631121549.0
nhulunbuy,38.5767,-92.1735,28.03,39.0,1.0,5.14,US,1631121412.0
te anau,2.6708,72.8944,28.26,65.0,97.0,1.87,MV,1631121550.0
sol-iletsk,-9.5402,16.341,27.45,39.0,79.0,2.19,AO,1631121550.0
marzuq,14.2,24.6667,29.34,38.0,96.0,5.48,SD,1631121550.0
warri,40.5917,36.9517,14.91,88.0,2.0,2.02,TR,1631121551.0
scarborough,60.4167,134.5333,2.73,55.0,16.0,2.23,RU,1631121551.0
necochea,41.2508,32.6942,15.99,73.0,0.0,1.59,TR,1631121551.0
taltal,44.3945,-1.1672,29.62,73.0,0.0,5.14,FR,1631121552.0
monrovia,11.6667,92.75,26.49,85.0,100.0,5.5,IN,1631121552.0
barbar,10.3094,119.0128,26.11,90.0,100.0,6.65,PH,1631121552.0
ullapool,43.4456,41.7448,12.87,96.0,90.0,0.55,RU,1631121552.0
afgoye,44.0998,46.6587,17.05,59.0,100.0,5.05,RU,1631121553.0
malkangiri,-5.6333,32.7667,27.7,26.0,99.0,0.25,TZ,1631121553.0
mirnyy,-1.3959,120.7524,24.83,79.0,92.0,2.8,ID,1631121553.0
ponferrada,46.7208,-92.1041,21.5,61.0,75.0,7.2,US,1631121554.0
khomutovka,28.0667,95.3333,25.82,84.0,64.0,1.23,IN,1631121614.0
progreso,60.3778,92.6267,7.65,87.0,72.0,1.72,RU,1631121614.0
grand river south east,37.4636,-122.4286,30.85,74.0,20.0,0.0,US,1631121614.0
bilma,7.1913,8.1329,25.91,88.0,60.0,1.86,NG,1631121615.0
skalistyy,-12.8525,15.5606,27.78,24.0,53.0,2.35,AO,1631121615.0
lubango,55.1001,-105.2842,18.14,45.0,20.0,1.03,CA,1631121615.0
mokobeng,44.6453,-63.5724,22.05,66.0,1.0,2.24,CA,1631121299.0
dayong,34.1667,77.5833,19.17,33.0,79.0,1.65,IN,1631121616.0
hlobyne,-51.6226,-69.2181,14.03,51.0,40.0,3.6,AR,1631121616.0
gilazi,10.2849,22.7882,23.9,89.0,47.0,1.3,CF,1631121616.0
karaul,-13.8483,136.4192,22.1,77.0,11.0,3.96,AU,1631121617.0
vanavara,18.2164,42.5053,25.9,8.0,0.0,5.66,SA,1631121617.0
sawakin,1.2391,23.616,24.53,72.0,55.0,0.31,CD,1631121617.0
santa maria,46.844,74.9804,19.93,52.0,48.0,9.99,KZ,1631121618.0
mount isa,40.1629,-8.3327,23.53,54.0,94.0,4.36,PT,1631121618.0
samusu,-2.6741,141.3028,24.96,91.0,42.0,3.12,PG,1631121618.0
manicore,45.3392,14.3083,26.88,49.0,0.0,3.02,HR,1631121619.0
lethem,33.7333,135.9833,24.39,96.0,100.0,0.68,JP,1631121619.0
hermiston,44.445,15.0575,25.32,50.0,6.0,2.97,HR,1631121619.0
roald,-17.7333,-149.15,25.01,75.0,55.0,4.6,PF,1631121619.0
nguiu,58.0106,114.2769,6.01,97.0,100.0,0.57,RU,1631121620.0
berlevag,52.9599,4.7593,26.08,57.0,16.0,3.09,NL,1631121620.0
fort nelson,43.0514,-83.3188,24.75,43.0,40.0,6.69,US,1631121366.0
balgazyn,-33.8667,121.9,14.7,76.0,0.0,2.47,AU,1631121621.0
serchhip,15.7432,-96.4661,32.12,56.0,40.0,2.28,MX,1631121621.0
katete,5.0314,25.1361,24.04,75.0,31.0,1.12,CF,1631121621.0
maromitsa,58.1286,68.5944,6.91,83.0,95.0,4.07,RU,1631121622.0
luderitz,-41.0667,145.9167,13.04,73.0,22.0,7.8,AU,1631121622.0
ambilobe,13.1,-59.6167,31.27,70.0,20.0,7.72,BB,1631121559.0
kushima,59.3833,143.3,9.18,86.0,100.0,1.81,RU,1631121622.0
jefferson city,38.5167,-28.7,23.22,88.0,75.0,2.06,PT,1631121623.0
kudahuvadhoo,19.2056,-69.3369,31.17,60.0,34.0,3.37,DO,1631121623.0
malanje,7.9986,124.2928,18.69,92.0,91.0,2.11,PH,1631121623.0
kutum,-3.1374,142.3475,25.02,89.0,19.0,3.32,PG,1631121624.0
niksar,65.4167,-52.9,6.15,77.0,100.0,1.43,GL,1631121624.0
ust-maya,-7.3,-70.2167,35.19,38.0,7.0,2.07,BR,1631121624.0
safranbolu,61.2767,108.0108,8.21,92.0,95.0,0.11,RU,1631121624.0
biscarrosse,-2.9701,119.8978,18.19,93.0,96.0,0.96,ID,1631121625.0
port blair,56.7179,63.7866,8.14,91.0,100.0,5.55,RU,1631121625.0
nizhneyansk,-33.6971,-53.4616,14.03,96.0,100.0,8.61,UY,1631121625.0
caruray,43.1414,-95.1444,24.06,45.0,1.0,6.69,US,1631121626.0
teberda,41.85,-88.3126,26.26,43.0,1.0,1.79,US,1631121336.0
privolnyy,44.0213,144.2697,13.81,88.0,95.0,4.85,JP,1631121626.0
sikonge,49.7834,-74.8492,15.88,89.0,100.0,4.47,CA,1631121626.0
poso,13.3154,12.6113,33.87,38.0,47.0,2.07,NE,1631121626.0
superior,-13.4408,-49.1486,38.41,15.0,7.0,3.56,BR,1631121627.0
pasighat,48.9079,6.0589,26.95,58.0,0.0,2.06,FR,1631121627.0
teya,-20.2208,-70.1431,17.02,67.0,77.0,3.79,CL,1631121356.0
half moon bay,-11.0964,-77.6139,18.2,78.0,94.0,4.26,PE,1631121628.0
bur gabo,50.751,33.4747,14.8,47.0,12.0,2.96,UA,1631121688.0
otukpo,-44.7,169.15,3.25,86.0,46.0,3.0,NZ,1631121688.0
caala,45.5454,126.977,15.96,96.0,91.0,2.73,CN,1631121688.0
la ronge,32.296,-81.2354,31.95,65.0,75.0,3.09,US,1631121589.0
halifax,45.6573,-68.7098,24.2,61.0,40.0,4.63,US,1631121689.0
leh,30.2752,-89.7812,31.1,72.0,1.0,0.89,US,1631121543.0
rio gallegos,46.5331,48.3456,13.96,45.0,0.0,4.62,RU,1631121689.0
birao,-25.1667,45.05,18.95,78.0,0.0,2.61,MG,1631121690.0
alyangula,9.8833,-2.9167,26.07,80.0,100.0,0.92,BF,1631121690.0
mahadday weyne,18.4313,-65.8802,32.67,69.0,40.0,5.14,PR,1631121690.0
abha,13.1667,44.5833,31.5,41.0,47.0,5.52,YE,1631121690.0
basoko,16.4833,81.8333,26.16,85.0,93.0,2.34,IN,1631121691.0
balkhash,43.7444,135.2892,13.86,96.0,8.0,2.03,RU,1631121691.0
lata,-15.89,-52.2567,39.32,24.0,0.0,1.03,BR,1631121691.0
vanimo,41.7597,86.1469,26.4,22.0,0.0,0.71,CN,1631121692.0
opatija,-37.6167,-73.65,12.37,64.0,1.0,4.34,CL,1631121692.0
shingu,-41.8697,-73.8203,11.9,76.0,90.0,4.06,CL,1631121692.0
pag,6.7989,81.4808,26.53,70.0,77.0,2.65,LK,1631121692.0
tautira,54.7183,135.315,13.9,86.0,100.0,1.83,RU,1631121693.0
balakhninskiy,-45.8742,170.5036,11.56,50.0,90.0,0.89,NZ,1631121693.0
den helder,43.3095,-73.644,28.39,63.0,90.0,3.58,US,1631121614.0
lapeer,35.8276,137.9538,17.29,99.0,100.0,1.53,JP,1631121693.0
esperance,60.7522,-137.5108,6.97,87.0,98.0,0.51,CA,1631121694.0
pochutla,-35.5667,138.6167,15.5,55.0,39.0,4.66,AU,1631121694.0
zemio,-0.9492,100.3543,24.03,89.0,99.0,1.59,ID,1631121694.0
abalak,50.6336,-96.9907,19.13,63.0,44.0,6.17,CA,1631121695.0
burnie,60.4675,7.0719,18.5,85.0,88.0,1.94,NO,1631121695.0
bridgetown,55.25,-7.2667,20.79,83.0,98.0,1.14,IE,1631121695.0
okhotsk,57.3034,47.2011,9.72,94.0,86.0,5.65,RU,1631121696.0
ribeira grande,-45.5752,-72.0662,11.34,66.0,75.0,4.12,CL,1631121696.0
samana,1.3292,172.9752,28.0,78.0,20.0,5.14,KI,1631121696.0
talawdi,49.2167,143.1167,15.43,87.0,99.0,3.85,RU,1631121696.0
marawi,-9.3727,30.125,25.85,29.0,88.0,2.29,ZM,1631121697.0
aitape,53.4106,-2.9779,28.67,50.0,0.0,0.45,GB,1631121443.0
maniitsoq,-23.7,133.8833,8.75,43.0,0.0,1.54,AU,1631121697.0
envira,20.5022,-10.0711,42.24,7.0,6.0,6.94,MR,1631121697.0
yerbogachen,43.2128,-75.4557,28.15,64.0,90.0,3.6,US,1631121508.0
rantepao,38.9332,-119.9844,28.21,30.0,1.0,1.54,US,1631121537.0
butka,-13.0751,-76.3835,19.7,73.0,73.0,3.64,PE,1631121698.0
chuy,14.7328,-6.1219,39.31,20.0,92.0,2.84,ML,1631121669.0
spencer,66.8333,70.8333,5.39,66.0,80.0,4.53,RU,1631121698.0
batavia,29.5833,-9.5,31.12,33.0,60.0,2.94,MA,1631121698.0
abashiri,-9.8414,-39.4817,31.83,34.0,50.0,4.56,BR,1631121699.0
chapais,-9.4333,159.95,24.38,88.0,66.0,3.17,SB,1631121699.0
diffa,59.6304,39.736,11.84,97.0,100.0,4.92,RU,1631121699.0
porangatu,-2.5744,150.7967,26.66,81.0,100.0,8.7,PG,1631121700.0
jaipur hat,53.1939,107.3397,8.66,65.0,44.0,1.52,RU,1631121700.0
pont-a-mousson,36.2081,-86.2911,29.74,52.0,90.0,5.14,US,1631121415.0
marcona,9.4515,18.9449,23.76,91.0,75.0,1.6,TD,1631121700.0
iquique,-6.4167,20.8,26.77,59.0,92.0,1.56,CD,1631121760.0
hualmay,6.4,-58.6167,25.18,78.0,95.0,2.07,GY,1631121761.0
romny,-4.9408,122.5276,23.98,85.0,97.0,2.12,ID,1631121761.0
wanaka,-1.5,33.8,23.07,71.0,16.0,3.67,TZ,1631121761.0
acheng,-6.3424,106.1045,24.09,93.0,71.0,1.39,ID,1631121762.0
rincon,28.419,30.7792,35.94,19.0,0.0,3.43,EG,1631121762.0
millinocket,34.9833,139.8667,20.01,82.0,90.0,4.23,JP,1631121762.0
slidell,22.8909,-109.9124,33.06,70.0,20.0,0.45,MX,1631121762.0
krasnyy yar,-7.3817,108.2082,20.61,97.0,57.0,0.48,ID,1631121763.0
beloha,14.5094,-92.1933,32.28,73.0,90.0,1.85,GT,1631121763.0
batie,50.6789,156.125,11.78,91.0,68.0,5.26,RU,1631121763.0
loiza,36.6167,101.7667,9.9,77.0,4.0,1.33,CN,1631121763.0
lahij,-29.9533,-71.3436,17.85,42.0,0.0,6.17,CL,1631121764.0
razole,51.6217,24.9243,16.19,69.0,29.0,0.54,UA,1631121764.0
olga,21.2311,-86.731,31.03,72.0,100.0,5.17,MX,1631121764.0
barra do garcas,57.0531,-135.33,13.94,88.0,90.0,3.09,US,1631121765.0
korla,-20.8636,-46.3881,35.34,18.0,7.0,2.42,BR,1631121765.0
lemesos,-6.6024,147.8681,24.52,93.0,100.0,4.88,PG,1631121765.0
lebu,26.4615,-80.0728,33.89,67.0,40.0,0.89,US,1631121674.0
ancud,41.0155,34.0401,17.45,40.0,0.0,2.6,TR,1631121766.0
wattegama,28.963,-13.5477,28.99,54.0,0.0,9.26,ES,1631121766.0
chumikan,-16.5167,-151.75,26.12,77.0,15.0,7.68,PF,1631121766.0
dunedin,45.0,25.2667,18.6,62.0,66.0,1.25,RO,1631121766.0
glens falls,64.8569,-147.8028,7.94,85.0,90.0,0.0,US,1631121767.0
ina,18.0866,-67.1457,32.24,71.0,8.0,2.7,PR,1631121767.0
haines junction,40.8021,-124.1637,13.47,91.0,11.0,2.5,US,1631121520.0
victor harbor,4.95,23.9167,24.71,70.0,58.0,1.19,CF,1631121767.0
padang,51.5877,-2.9984,27.25,72.0,100.0,3.09,GB,1631121768.0
gimli,14.3,-91.9167,32.3,71.0,75.0,2.55,GT,1631121768.0
eidfjord,-20.7377,116.8463,21.21,42.0,8.0,2.44,AU,1631121768.0
carndonagh,56.6985,8.2124,20.66,88.0,51.0,2.9,DK,1631121768.0
kiknur,-32.25,148.6167,3.07,100.0,0.0,2.57,AU,1631121714.0
coihaique,14.8333,78.4,27.19,67.0,86.0,6.93,IN,1631121769.0
bairiki,-25.8,-57.2333,15.81,95.0,100.0,4.32,PY,1631121769.0
poronaysk,-3.4833,23.4333,25.51,64.0,81.0,0.55,CD,1631121770.0
mporokoso,53.6942,88.0603,13.76,95.0,95.0,2.0,RU,1631121770.0
liverpool,7.5264,-12.505,27.68,75.0,60.0,4.16,SL,1631121770.0
alice springs,-17.8786,36.8883,24.97,78.0,40.0,5.66,MZ,1631121770.0
adrar,-22.2763,166.4572,17.99,60.0,66.0,5.73,NC,1631121360.0
roma,61.9247,63.0231,2.05,92.0,72.0,1.7,RU,1631121771.0
south lake tahoe,-17.5333,-149.3333,25.01,73.0,28.0,5.65,PF,1631121771.0
kamenskoye,44.83,78.8239,19.06,23.0,3.0,3.86,KZ,1631121771.0
san vicente de canete,63.0128,112.4714,8.58,75.0,85.0,0.85,RU,1631121772.0
sokolo,36.4615,-77.6542,29.8,100.0,40.0,1.54,US,1631121772.0
yar-sale,-39.4833,176.9167,2.91,73.0,7.0,5.18,NZ,1631121772.0
tiznit,10.2676,13.2644,26.36,74.0,71.0,1.16,NG,1631121772.0
uaua,39.4735,-118.7774,31.62,20.0,1.0,0.0,US,1631121773.0
honiara,23.9981,90.423,28.98,70.0,66.0,1.54,BD,1631121773.0
ustye,-2.1667,16.2333,27.18,57.0,71.0,1.34,CD,1631121773.0
kavieng,46.4083,-105.8406,24.17,28.0,1.0,3.6,US,1631121834.0
khuzhir,39.2342,106.3439,20.49,18.0,20.0,2.86,CN,1631121834.0
lebanon,64.5011,-165.4064,7.04,87.0,90.0,2.06,US,1631121834.0
kyabe,59.5833,151.2833,4.14,52.0,0.0,2.38,RU,1631121835.0
tshikapa,38.4924,43.3831,17.64,34.0,20.0,2.06,TR,1631121835.0
bartica,47.8167,35.1833,15.37,44.0,0.0,3.0,UA,1631121835.0
katobu,18.9048,-3.5265,42.31,9.0,18.0,8.11,ML,1631121835.0
musoma,12.1844,18.693,26.51,72.0,70.0,1.91,TD,1631121836.0
karaton,52.2667,79.1667,12.65,83.0,94.0,7.03,RU,1631121836.0
matay,-1.2667,104.0833,23.8,89.0,70.0,0.57,ID,1631121836.0
tateyama,66.6572,66.4183,5.07,87.0,100.0,2.94,RU,1631121837.0
cabo san lucas,32.7562,-91.8724,30.79,45.0,3.0,0.89,US,1631121618.0
kawalu,24.8,125.2833,28.69,73.0,3.0,5.65,JP,1631121837.0
ocos,-38.3833,142.4833,13.23,57.0,95.0,9.32,AU,1631121837.0
severo-kurilsk,25.4667,-108.1,32.6,56.0,19.0,0.63,MX,1631121838.0
xining,27.0377,14.4283,33.41,27.0,10.0,5.59,LY,1631121838.0
coquimbo,46.4856,135.8833,10.94,96.0,99.0,1.24,RU,1631121838.0
rakiv lis,22.6783,-3.9836,45.4,7.0,15.0,10.37,ML,1631121838.0
kawana waters,0.0487,18.2603,23.44,82.0,75.0,0.58,CD,1631121839.0
isla mujeres,-23.1333,150.7333,14.88,66.0,0.0,7.01,AU,1631121839.0
sitka,38.3167,116.8667,19.51,93.0,1.0,3.45,CN,1631121839.0
alpinopolis,18.1725,120.5953,26.7,78.0,81.0,3.83,PH,1631121840.0
finschhafen,16.8634,-99.8901,30.9,62.0,20.0,0.0,MX,1631121780.0
delray beach,55.3422,-131.6461,13.26,88.0,90.0,3.09,US,1631121840.0
tosya,-2.65,10.0,25.15,78.0,42.0,4.14,GA,1631121840.0
arrecife,-8.13,112.219,21.68,88.0,81.0,2.79,ID,1631121841.0
